{"cameraMode":{"drawMode":0,"name":"Shaded","section":"Shading Mode"},"sceneLighting":true,"audioPlay":false,"sceneViewState":{"showFog":true,"showMaterialUpdate":false,"showSkybox":true,"showFlares":true,"showImageEffects":true,"showParticleSystems":true},"in2DMode":false,"pivot":{"x":-47.11540985107422,"y":0.681657075881958,"z":2.3011474609375},"rotation":{"x":-0.3777790367603302,"y":-0.2825172245502472,"z":0.12222374230623245,"w":-0.8732293248176575},"size":6.782596111297607,"orthographic":false}