{"cameraMode":{"drawMode":0,"name":"Shaded","section":"Shading Mode"},"sceneLighting":true,"audioPlay":false,"sceneViewState":{"showFog":true,"showMaterialUpdate":false,"showSkybox":true,"showFlares":true,"showImageEffects":true,"showParticleSystems":true},"in2DMode":false,"pivot":{"x":-19.177032470703126,"y":0.4535967707633972,"z":3.3479065895080568},"rotation":{"x":-0.1199876219034195,"y":0.022928638383746148,"z":-0.002771971980109811,"w":-0.9925081133842468},"size":1.5921103954315186,"orthographic":false}