{"cameraMode":{"drawMode":0,"name":"Shaded","section":"Shading Mode"},"sceneLighting":false,"audioPlay":false,"sceneViewState":{"showFog":true,"showMaterialUpdate":false,"showSkybox":false,"showFlares":true,"showImageEffects":true,"showParticleSystems":true},"in2DMode":false,"pivot":{"x":-3.5060017108917238,"y":1.3900282382965088,"z":-2.064512014389038},"rotation":{"x":-0.2720741927623749,"y":-0.24567057192325593,"z":0.07205797731876373,"w":-0.9275930523872376},"size":0.33450067043304446,"orthographic":false}