{"cameraMode":{"drawMode":0,"name":"Shaded","section":"Shading Mode"},"sceneLighting":true,"audioPlay":false,"sceneViewState":{"showFog":true,"showMaterialUpdate":false,"showSkybox":true,"showFlares":true,"showImageEffects":true,"showParticleSystems":true},"in2DMode":false,"pivot":{"x":-47.871219635009769,"y":-0.11702346801757813,"z":0.29161807894706728},"rotation":{"x":-0.28651362657546999,"y":-0.6182029843330383,"z":0.25868719816207888,"w":-0.684702455997467},"size":5.202563762664795,"orthographic":false}