{"cameraMode":{"drawMode":0,"name":"Shaded","section":"Shading Mode"},"sceneLighting":true,"audioPlay":false,"sceneViewState":{"showFog":true,"showMaterialUpdate":false,"showSkybox":true,"showFlares":true,"showImageEffects":true,"showParticleSystems":true},"in2DMode":false,"pivot":{"x":-42.92550277709961,"y":0.6901121139526367,"z":0.5094137191772461},"rotation":{"x":-0.29343727231025698,"y":-0.12089861184358597,"z":0.03743978589773178,"w":-0.9475640654563904},"size":7.667530059814453,"orthographic":false}