{"cameraMode":{"drawMode":0,"name":"Shaded","section":"Shading Mode"},"sceneLighting":true,"audioPlay":false,"sceneViewState":{"showFog":true,"showMaterialUpdate":false,"showSkybox":true,"showFlares":true,"showImageEffects":true,"showParticleSystems":true},"in2DMode":false,"pivot":{"x":-19.023136138916017,"y":2.166140556335449,"z":-5.599364280700684},"rotation":{"x":-0.18756458163261414,"y":0.5596805810928345,"z":-0.13181890547275544,"w":-0.7963675856590271},"size":4.678420066833496,"orthographic":false}