{"cameraMode":{"drawMode":0,"name":"Shaded","section":"Shading Mode"},"sceneLighting":false,"audioPlay":false,"sceneViewState":{"showFog":true,"showMaterialUpdate":false,"showSkybox":false,"showFlares":true,"showImageEffects":true,"showParticleSystems":true},"in2DMode":false,"pivot":{"x":0.7002255916595459,"y":-0.5850464105606079,"z":-1.3744804859161378},"rotation":{"x":-0.04867760092020035,"y":-0.9385640621185303,"z":0.3077104389667511,"w":-0.14847449958324433},"size":1.6469390392303467,"orthographic":false}