{"cameraMode":{"drawMode":0,"name":"Shaded","section":"Shading Mode"},"sceneLighting":true,"audioPlay":false,"sceneViewState":{"showFog":true,"showMaterialUpdate":false,"showSkybox":true,"showFlares":true,"showImageEffects":true,"showParticleSystems":true},"in2DMode":false,"pivot":{"x":2.3873515129089357,"y":0.6306028366088867,"z":-9.520591735839844},"rotation":{"x":-0.29683783650398257,"y":-0.3543992340564728,"z":0.11973350495100022,"w":-0.878610372543335},"size":4.93621301651001,"orthographic":false}