{"cameraMode":{"drawMode":0,"name":"Shaded","section":"Shading Mode"},"sceneLighting":false,"audioPlay":false,"sceneViewState":{"showFog":true,"showMaterialUpdate":false,"showSkybox":false,"showFlares":true,"showImageEffects":true,"showParticleSystems":true},"in2DMode":false,"pivot":{"x":-0.05559098720550537,"y":-0.018706053495407106,"z":0.03327387571334839},"rotation":{"x":-0.28651362657546999,"y":-0.6182029843330383,"z":0.25868719816207888,"w":-0.684702455997467},"size":3.6540474891662599,"orthographic":false}